Reference,Qty,Value,Footprint,LCSC #
"C1,C2,C4,C9,C16",5,0.1u,Capacitor_SMD:C_0805_2012Metric,C3011704
"C3,C7,C8,C14,C15",5,10u,Capacitor_SMD:C_0805_2012Metric,C15850
"C5,C6",2,22p,Capacitor_SMD:C_0603_1608Metric,C105620
C10,1,10p,Capacitor_SMD:C_0603_1608Metric,C106245
"C11,C12,C13",3,22u,Capacitor_SMD:C_0805_2012Metric,C5674
"D1,D3",2,G,LED_SMD:LED_0805_2012Metric,C5875740
"D2,D4",2,O,LED_SMD:LED_0805_2012Metric,C434437
J3,1,Conn_01x02_Socket,Connector_JST:JST_XH_B2B-XH-A_1x02_P2.50mm_Vertical,C158012
L1,1,1u,Inductor_SMD:L_0805_2012Metric,C99367
Q1,1,FS8205A,FS8205A:FS8205A,C2830320
R1,1,10k,Resistor_SMD:R_0805_2012Metric,C2930231
"R2,R3",2,2.2k,Resistor_SMD:R_0805_2012Metric,C2907303
"R4,R16,R18",3,500,Resistor_SMD:R_0805_2012Metric,C2828711
"R5,R6",2,5k1,Resistor_SMD:R_0805_2012Metric,C2930296
"R7,R9",2,1M,Resistor_SMD:R_0805_2012Metric,C2907302
R8,1,111k,Resistor_SMD:R_0805_2012Metric,C865144
"R10,R11,R15",3,1k,Resistor_SMD:R_0805_2012Metric,C17513
R12,1,0.4,Resistor_SMD:R_0805_2012Metric,C3000778
R13,1,1.4k,Resistor_SMD:R_0805_2012Metric,C2930161
R14,1,100,Resistor_SMD:R_0805_2012Metric,C17408
R17,1,2k,Resistor_SMD:R_0805_2012Metric,C17604
S1,1,SSSS811101,SSSS811101:SW_SSSS811101,C109335
U1,1,Adafruit_BNO08x,Adafruit_BNO08x:BNO080,
U2,1,ESP32-S2-DEVKITC-1,ESP32-S2-DEVKITC-1:MODULE_ESP32-S2-DEVKITC-1,
U3,1,TPS63060,TPS63060:WSON-10_L3.0-W3.0-P0.50-BL-EP-A,C48567
U4,1,TP4056-42-ESOP8,Package_SO:SOIC-8-1EP_3.9x4.9mm_P1.27mm_EP2.41x3.3mm_ThermalVias,C16581
U5,1,DW01A,Package_TO_SOT_SMD:SOT-23-6,C2927799
USBC1,1,TYPE-C 6P,USB-C:TYPE-C-SMD_TYPE-C-6P,C456012
Y1,1,32kHz,Crystal:Crystal_SMD_3215-2Pin_3.2x1.5mm,C5120559